question,answer,question_type,image
How many days do we have in a week?,Seven,General Knowledge For Kids,
How many days are there in a normal year?,365 (not a leap year),General Knowledge For Kids,
How many colors are there in a rainbow?,7,General Knowledge For Kids,
Which animal is known as the ‘Ship of the Desert?’,Camel,General Knowledge For Kids,
How many letters are there in the English alphabet?,26,General Knowledge For Kids,
How many consonants are there in the English alphabet?,21,General Knowledge For Kids,
How many sides are there in a triangle?,Three,General Knowledge For Kids,
Which month of the year has the least number of days?,February,General Knowledge For Kids,
Which are the vowels in the English alphabet series?,"A, E, I, O, U",General Knowledge For Kids,
Which animal is called King of Jungle?,Lion,General Knowledge For Kids,
How many primary colors are there?,"Three (red, yellow, blue)",General Knowledge For Kids,
How many days are there in the month of February in a leap year?,29 days,General Knowledge For Kids,
What do you call a house made of ice?,Igloo,General Knowledge For Kids,
Which is the largest animal in the world?,Blue whale,General Knowledge For Kids,
Which is the tallest animal on the earth?,Giraffe,General Knowledge For Kids,
Which festival is known as the festival of colors?,Holi,General Knowledge For Kids,
Which festival is called the festival of light?,Diwali,General Knowledge For Kids,
What is the top color in a rainbow?,Red,General Knowledge For Kids,
What type of bird lays the largest eggs?,Ostrich,General Knowledge For Kids,
Which festival is known as the ‘Festival of flowers’?,Onam,General Knowledge For Kids,
In which direction does the sunrise?,East,General Knowledge For Kids,
Which is the world’s largest flower?,Rafflesia,General Knowledge For Kids,
How many zeros are there in one hundred thousand?,Five,General Knowledge For Kids,
How many hours are there in two days?,48 hours (24+24),General Knowledge For Kids,
How many months of the year have 31 days?,"7 (January, March, May, July, August, October and December)",General Knowledge For Kids,
How many weeks are there in one year?,52,General Knowledge For Kids,
Which are the colors in a rainbow?,"Violet, Indigo, Blue, Green, Yellow, Orange, Red",General Knowledge For Kids,
How many bones does an adult human have?,206,General Knowledge For Kids,
Who was the first man to walk on the moon?,Neil Armstrong,General Knowledge For Kids,
How many millimeters are there in 1cm?,10,General Knowledge For Kids,
Which is the nearest star to planet earth?,Sun,General Knowledge For Kids,
Which is the longest river on the earth?,Nile,General Knowledge For Kids,
Which is the principal source of energy for earth?,Sun,General Knowledge For Kids,
How many lungs does the human body have?,Two,General Knowledge For Kids,
What is the standard taste of the water?,Water is tasteless,General Knowledge For Kids,
Which is the tallest mountain in the world?,Mount Everest,General Knowledge For Kids,
Which is the fastest animal on the land?,Cheetah,General Knowledge For Kids,
Which continent is known as ‘Dark’ continent?,Africa,General Knowledge For Kids,
Which planet is known as the Red Planet?,Mars,General Knowledge For Kids,
Which is the most sensitive organ in our body?,Skin,General Knowledge For Kids,
Which is the largest ocean in the world?,Pacific Ocean,General Knowledge For Kids,
Which day is observed as World Environment Day?,June 5,General Knowledge For Kids,
How many years are there in a century?,One Hundred,General Knowledge For Kids,
Which is the largest country in the world?,Russia (By area),General Knowledge For Kids,
Who invented the Computer?,Charles Babbage,General Knowledge For Kids,
How many players are there in a cricket team?,11,General Knowledge For Kids,
Which day is observed as World Literacy Day?,September 8,General Knowledge For Kids,
Who is the inventor of Radio?,Marconi,General Knowledge For Kids,
Which place is known as the roof of the world?,Tibet,General Knowledge For Kids,
How many teeth does a healthy adult have including the wisdom teeth?,32,General Knowledge For Kids,
Which gas is most abundant in the earth’s atmosphere?,Nitrogen,General Knowledge For Kids,
How many people are there in the world?,Over 7 billion,General Knowledge For Kids,
Which is the continent with the most number of countries?,Africa,General Knowledge For Kids,
Which is the most common non-contagious disease in the world?,Tooth Decay,General Knowledge For Kids,
How many strings does a violin have?,Four,General Knowledge For Kids,
How many planets are there in our solar system?,8,General Knowledge For Kids,
Which is the hottest continent on Earth?,Africa,General Knowledge For Kids,
Which is the smallest continent in the world?,Australia,General Knowledge For Kids,
How many years are there in a millennium?,1000,General Knowledge For Kids,
Which country is home to the kangaroo?,Australia,General Knowledge For Kids,
Who painted the Mona Lisa?,Leonardo da Vinci,General Knowledge For Kids,
Who invented the telephone?,Alexander Graham Bell,General Knowledge For Kids,
What does the Internet prefix WWW stand for?,World Wide Web,General Knowledge For Kids,
How much of Earth’s surface is covered by ocean?,71%,General Knowledge For Kids,
Who discovered Penicillin in 1928?,Alexander Fleming,General Knowledge For Kids,
How many stars are there in the American flag?,50,General Knowledge For Kids,
What do you call a type of shape that has five sides?,Pentagon,General Knowledge For Kids,
"Which way is anti-clockwise, left or right?",Left,General Knowledge For Kids,
How many equal sides does an isosceles triangle have?,2,General Knowledge For Kids,
Which is the coldest location in the earth?,East Antarctica,General Knowledge For Kids,
Who discovered electricity?,Benjamin Franklin,General Knowledge For Kids,
Which is the most widely spoken language in the world?,Mandarin (Chinese),General Knowledge For Kids,
Which two parts of the body continue to grow for your entire life?,Nose and Ears,General Knowledge For Kids,
The largest ‘Democracy’ in the world?,India,General Knowledge For Kids,
Who is the inventor of Television?,John Logie Baird,General Knowledge For Kids,
Which is the largest plateau in the world?,Tibetan Plateau,General Knowledge For Kids,
Which is the instrument used to measure Blood pressure?,Sphygmomanometer,General Knowledge For Kids,
What color symbolizes peace?,White,General Knowledge For Kids,
Who is the founder of Microsoft?,Bill Gates,General Knowledge For Kids,
During which year did World War I begin?,1914,General Knowledge For Kids,
How many Cricket world cups does India have?,2,General Knowledge For Kids,
Global warming is caused by the excess of which type of gas?,Carbon dioxide,General Knowledge For Kids,
How many cards are there in a complete pack of cards?,52,General Knowledge For Kids,
What is the name of the biggest rain forest in the world?,The Amazon,General Knowledge For Kids,
Which African nation is famous for chocolate?,Ghana,General Knowledge For Kids,
What makes up (approx ) 80% of our brain’s volume?,Water,General Knowledge For Kids,
Which instrument is used for measuring wind speed?,Anemometer,General Knowledge For Kids,
‘Stars and Stripes’ is the nickname of the flag of which country?,United States of America,General Knowledge For Kids,
Which language is used by the computer to process data?,Binary language,General Knowledge For Kids,
What covers approximately 71% of the Earth’s surface: Land or water?,Water,General Knowledge For Kids,
Which is the hardest substance available on earth?,Diamond,General Knowledge For Kids,
Which is the biggest desert in the world?,Sahara desert,General Knowledge For Kids,
Which country gifted The Statue of Liberty to the United States?,France,General Knowledge For Kids,
What is the name of the Greek God of music?,Apollo,General Knowledge For Kids,
What does the “SIM” in the SIM card stand for?,Subscriber Identity Module,General Knowledge For Kids,
Which is the first element on the periodic table of elements?,Hydrogen,General Knowledge For Kids,
Which is the longest written Constitution in the world?,India,General Knowledge For Kids,
What is the largest joint in the human body?,Knee,General Knowledge For Kids,
Which is the smallest bone in the human body?,Stapes (Ear bone),General Knowledge For Kids,
Which instrument is used to measure Atmospheric Pressure?,Barometer,General Knowledge For Kids,
Which is the largest continent in the world?,Asia,General Knowledge For Kids,
Who is the inventor of the electric Bulb?,Thomas Alva Edison,General Knowledge For Kids,
On whose memory Nobel Prize is awarded?,Alfred Nobel,General Knowledge For Kids,
Who is the first woman to go to space?,Valentina Tereshkova,General Knowledge For Kids,
What is HCl?,Hydrochloric acid,General Knowledge For Kids,
What is currency of China?,Renminbi,General Knowledge For Kids,
"Chameleons have extremely long tongues, sometimes as long as their bodies. True or False?",TRUE,General Knowledge For Kids,
An ostrich’s eye is bigger than its brain. True or False?,TRUE,General Knowledge For Kids,
A sneeze is faster than the blink of an eye. True or False?,TRUE,General Knowledge For Kids,
Pigs can look up into the sky. True or False?,False (They cannot),General Knowledge For Kids,
There are 9 planets in our Solar System. True or False?,False (Our Solar system has only 8 planets; Pluto is a dwarf planet),General Knowledge For Kids,
Mark Zuckerburg is the father of modern computers. True or False?,False (Charles Babbage is the father of modern computers),General Knowledge For Kids,
The egg of a Hummingbird is the smallest egg in the world. True or False?,TRUE,General Knowledge For Kids,
Frogs have to drink lots of water. True or False?,FALSE,General Knowledge For Kids,
Some animals can get sunburn. True or False?,"True (Animals like dogs, cats and cows can get sunburns at the tip of their noses and ears).",General Knowledge For Kids,
William Shakespeare is a scientist. True or False?,False (He is a dramatist),General Knowledge For Kids,
Whales have belly buttons. True or False?,TRUE,General Knowledge For Kids,
Sharks are color blind. True or False?,FALSE,General Knowledge For Kids,
Mumbai is the capital of India. True or False?,False (Delhi is the capital of India),General Knowledge For Kids,
Camels store water in their humps. True or False?,TRUE,General Knowledge For Kids,
Humans have four hearts. True or False?,False (Humans have one heart with four chambers),General Knowledge For Kids,
All tigers have yellow eyes. True or False?,TRUE,General Knowledge For Kids,
A pediatrician is a child specialist. True or False?,TRUE,General Knowledge For Kids,
Arachnophobia is the fear of dogs. True or False?,False (It is the fear of spiders),General Knowledge For Kids,
Dodo is an endangered bird. True or False?,False (Dodo is an extinct bird),General Knowledge For Kids,
Bhagat Singh is a Freedom fighter of India. True or False?,TRUE,General Knowledge For Kids,
Washington DC is the capital of China. True or False?,False (Beijing is the capital of China),General Knowledge For Kids,
June 5 is celebrated as Environment Day. True or False?,TRUE,General Knowledge For Kids,
"Laika, the dog is the first animal to go to space. True or False?",TRUE,General Knowledge For Kids,
Roman Calendar is named as Julian Calendar. True or False?,TRUE,General Knowledge For Kids,
There are 12 players in a cricket team. True or False?,False (There are 11 players in a cricket team),General Knowledge For Kids,
"Ball, Bat, Stump, Hockey stick. True or False?",Hockey stick,General Knowledge For Kids,
"Hen, Dove, Pigeon, Cat",Cat,General Knowledge For Kids,
"Hammer, Blacksmith, Carpenter, Cobbler",Hammer,General Knowledge For Kids,
"Jeep, Car, Bike, Boat",Boat,General Knowledge For Kids,
"Doctor, Surgeon, Nurse, Teacher",Teacher,General Knowledge For Kids,
"Mother, Father, Brother, Friend",Friend,General Knowledge For Kids,
"Earth, Mercury, Jupiter, Pluto",Pluto,General Knowledge For Kids,
"Cabbage, Potato, Capsicum, Tomato",Potato,General Knowledge For Kids,
"Pen, Pencil, Eraser, Ink Pen",Eraser,General Knowledge For Kids,
"Aeroplane, Helicopter, Ship, Jet",Ship,General Knowledge For Kids,
"Carrot, Mango, Banana, Apple",Carrot,General Knowledge For Kids,
"Cow, Lion, Dog, Cat",Lion,General Knowledge For Kids,
"2, 6, 7, 10",7,General Knowledge For Kids,
"P J  Abdul Kalaam, C V  Raman, Issac Newton, William Shakespeare",William Shakespeare,General Knowledge For Kids,
"Dispur, Pune, Patna, Shimla",Pune,General Knowledge For Kids,
"1, 2, 4, 5",4,General Knowledge For Kids,
"Asia, Europe, China, Australia",China,General Knowledge For Kids,
"Radio, Television, Loudspeaker, Stereo",Television,General Knowledge For Kids,
"Respiration, Digestion, Excretion, Photosynthesis",Photosynthesis,General Knowledge For Kids,
"Hydrogen, Hypochlorite, Helium, Lithium",Hypochlorite,General Knowledge For Kids,
"Noun, Pronoun, Articles, Adverb",Articles,General Knowledge For Kids,
"Throat, Tongue, Nose, Ears",Throat,General Knowledge For Kids,
"Coffee Powder, Chili Powder, Tea Powder, Green Tea Powder",Chilli Powder,General Knowledge For Kids,
"Vitamin A, Vitamin B, Vitamin D, Vitamin K",Vitamin B,General Knowledge For Kids,
"Dinosaur, Elephant, Hippopotamus, Giraffe",Dinosaur,General Knowledge For Kids,
What is the place where books are kept called? a) Zoo b) Library c) Garden d) Museum,B. Library,General Knowledge For Kids,
How many digits are there in Mathematics? a) Hundred b) Thousand c) Billion d) Infinite,D. Infinite,General Knowledge For Kids,
Who is the first Prime Minister of India? a) P.J. Abdul Kalaam b) Jawaharlal Nehru c) Indira Gandhi d) Narendra Modi,B. Jawaharlal Nehru,General Knowledge For Kids,
How many bananas will there be in a dozen banana? a) 8 b) 9 c) 10 d) 12,D.12,General Knowledge For Kids,
Who is Mickey Mouse? a) Actor b) Scientist c)  Cartoon Character d) Doctor,C. Cartoon Character,General Knowledge For Kids,
Who is the author of “God of Small Things”? a) Gabriel Garcia Marquez b) Aravind Adiga c) Arundhati Roy d) Victor Hugo,C. Arundhati Roy,General Knowledge For Kids,
What is the value of Pie? a) 14 b) 916 c) 13 d) 34,A. 3.14 (22/7),General Knowledge For Kids,
What is the position of Earth in our Solar system? a) First b) Second c) Third d) Fourth,C. Third,General Knowledge For Kids,
Which is the biggest continent? a)Asia b) Africa c) Australia d) Europe,A. Asia,General Knowledge For Kids,
How many wonders do we have in the world? a) Six b) Seven c) Eight d) Nine,B. Seven,General Knowledge For Kids,
Who found the concept of “Gravitation” for the first time? a) Albert Einstein b) Charles Darwin c) Issac Newton d) V. Raman,C. Issac Newton,General Knowledge For Kids,
Who is the author of “Julius Caesar”? a) William Shakespeare b) Geoffrey Chaucer c) John Milton d) Sylvia Plath,A. William Shakespeare,General Knowledge For Kids,
When is UN day celebrated? a) October 21 b) June 24 c) October 24 d) June 21,C. October 24,General Knowledge For Kids,
What are constellations? a) Group of planets b) Group of galaxies c) Group of stars d) Group of meteors,C. Group of stars,General Knowledge For Kids,
Which planet is known as “The Blue Planet”? a) Mercury b) Venus c) Uranus d) Earth,D. Earth,General Knowledge For Kids,
What is the person who compiles a dictionary called? a) Lexicographer b) Editor c) Compiler d) Director,A. Lexicographer,General Knowledge For Kids,
What is the driver of a Train called? a) Pilot b) Train Driver c) Locopilot d) Captain,C. Locopilot,General Knowledge For Kids,
What is the full form of RBI? a) Reputed Bank of India b) Reserve Bank of India c) Recovery Bank of India d) Reduced Bank of India,B. Reserve Bank of India,General Knowledge For Kids,
What is the “Fear of Darkness” called? a) Nyctophobia b) Ablutophobia c) Ophidiophobia d) Arachnophobia,A. Nyctophobia,General Knowledge For Kids,
What is the capital city of Peru? a) Lima b) Rome c) Los Angeles d) Prague,A. Lima,General Knowledge For Kids,
How many states are there in India? a) 27 b) 28 c) 29 d) 30,B. 29,General Knowledge For Kids,
Who discovered Aeroplane? a) Wright Brothers b) Steve Waugh c) Albert Einstein d) Stephen Hawking,A. Wright Brothers,General Knowledge For Kids,
Which bird is the universal symbol of Peace? a) Pigeon b) Dove c) Peacock d) Pelican,B. Dove,General Knowledge For Kids,
What causes Anemia? a) By the deficiency of Iron b) By the deficiency of Iodine c) By the deficiency of Vitamin D d) By the deficiency Calcium,A. By the deficiency of Iron,General Knowledge For Kids,
Who is a “Chef”? a) A person who drives a car b) A person who cooks food c) A person who acts d) A person who treats patients,B. A person who cooks food,General Knowledge For Kids,
What is the color of the sky?,Blue,General Knowledge For Kids,
What is the job of a Doctor?,A Doctor treats sick people.,General Knowledge For Kids,
What comes after 10 and before 13?,12,General Knowledge For Kids,
Where does fish live?,In Water,General Knowledge For Kids,
What is sun?,Sun is a big ball of fire.,General Knowledge For Kids,
Who is Virat Kohli?,Indian Cricketer,General Knowledge For Kids,
How many noses do you have?,One,General Knowledge For Kids,
What is the color of Mango?,Yellow,General Knowledge For Kids,
In which planet do we live?,Earth,General Knowledge For Kids,
What is the young one of a cat called?,Kitten,General Knowledge For Kids,
How many years are there in a century?,Hundred,General Knowledge For Kids,
Which is the national game of India?,Hockey,General Knowledge For Kids,
What is the full form of TV?,Television,General Knowledge For Kids,
Solve 27*0,Zero (Any number multiplied by zero gives zero as the answer),General Knowledge For Kids,
Which all animals give us milk?,"Cow, goat and buffalo",General Knowledge For Kids,
What is the home of a lion called?,Den,General Knowledge For Kids,
How many days are there in a week?,Seven,General Knowledge For Kids,
Where do we deposit money?,Bank,General Knowledge For Kids,
What is the place where animals are kept called?,Zoo,General Knowledge For Kids,
What is COVID-19?,It is deadly disease spread across the world during 2019 and 2020.,General Knowledge For Kids,
What is Beri-Beri?,It is a disease caused due to the deficiency of Vitamin B,General Knowledge For Kids,
Where do we get coconut from?,We get coconut from coconut Tree,General Knowledge For Kids,
Which state in India is known as “God’s Own Country”?,Kerala,General Knowledge For Kids,
How do plants make food?,Plants make food through the process called Photosynthesis.,General Knowledge For Kids,
Which place is known as the “Land of White Elephants”?,Thailand,General Knowledge For Kids,
How many players are there in each side of a Hockey team?,11,General Knowledge For Kids,
How many players are there in each side of a Basket Ball team?,5,General Knowledge For Kids,
Commonwealth Games are held in every _ years,4 years,General Knowledge For Kids,
How many Grand Slam Tennis Tournaments are held every year?,4,General Knowledge For Kids,
"In which sports, the term HAT-TRICK is used?",Cricket,General Knowledge For Kids,
Number of players in one team of Kho Kho are,Nine,General Knowledge For Kids,
Eden Gardens cricket stadium is in –,Calcutta,General Knowledge For Kids,
Which country will host Cricket World Cup 2019 –,England,General Knowledge For Kids,
Football was introduced as a competitive game in Olympics in year –,1908,General Knowledge For Kids,
Hockey is the National sports of –,India and Pakistan,General Knowledge For Kids,
Which is the National sport of Canada?,Lacrosse/Ice hockey,General Knowledge For Kids,
_ has Cricket as its National S,Jamaica,General Knowledge For Kids,
_ is the national sport of Turkey,Wrestling,General Knowledge For Kids,
In which country Commonwealth games were held in 2010?,India,General Knowledge For Kids,
Which country has hosted Commonwealth Games for the maximum number of times?,Canada,General Knowledge For Kids,
Caddie is related to __________,Golf,General Knowledge For Kids,
In which year Olympic Games were cancelled because of World War I?,1916,General Knowledge For Kids,
Who was the winner of Football World Cup in 2010?,Spain,General Knowledge For Kids,
Where did the game of Badminton originate from?,Pune,General Knowledge For Kids,
When is national sports day of India celebrated?,August 22,General Knowledge For Kids,
When was women’s and men’s doubles introduced in Wimbledon?,1884,General Knowledge For Kids,
Who among the following is known as “Flying Sikh of India”,Milkha Singh,General Knowledge For Kids,
Total Olympic medals won by India in 2012,Six,General Knowledge For Kids,
The only driver in Indian Grand Prix 2011 is,Alice Powell,General Knowledge For Kids,
How many months are there in a year?,12,GK Questions For Class 1,
How many days are there in a week?,7,GK Questions For Class 1,
How many days are there in a year?,365,GK Questions For Class 1,
Which number comes after 15?,16,GK Questions For Class 1,
How many colours are there in a rainbow?,7,GK Questions For Class 1,
We use our ears to ______.,Hear,GK Questions For Class 1,
Name the day that comes after Tuesday?,Wednesday,GK Questions For Class 1,
How many vowels are there in the English alphabet?,5,GK Questions For Class 1,
A cow has ____ legs.,4,GK Questions For Class 1,
Which gas do humans need to breathe to live?,Oxygen,GK Questions For Class 1,
Which month comes after October?,November,GK Questions For Class 1,
How many zeroes are there in one thousand?,Three,GK Questions For Class 1,
How many hands do you have?,2,GK Questions For Class 1,
We chew food using our ____________.,Teeth,GK Questions For Class 1,
Which sense organ do you use to smell?,Nose,GK Questions For Class 1,
Which part of the plant is brown and below the ground?,Roots,GK Questions For Class 1,
Which part of a plant has seeds?,Fruit,GK Questions For Class 1,
Which part of a plant soaks up nutrients and water from the soil?,Root,GK Questions For Class 1,
Which bird has a far sight and turns its head all the way round?,Owl,GK Questions For Class 1,
Which animal eats mice?,20,GK Questions For Class 1,
Which animal wags its tail and lives in a kennel?,Dog,GK Questions For Class 1,
Which animal has a long nose known as trunk?,Elephant,GK Questions For Class 1,
Which animal likes honey?,Bear,GK Questions For Class 1,
Name a cunning animal?,Fox,GK Questions For Class 1,
Which animal has a long neck?,Giraffe,GK Questions For Class 1,
Which animal has black and white stripes on its body?,Zebra,GK Questions For Class 1,
Which animal gives us wool?,Sheep,GK Questions For Class 1,
February has _____ days in a leap year.,29,GK Questions For Class 1,
Which is the largest river island in Asia?,Majuli Island (Assam),GK Questions For Class 1,
Which shape has three sides?,Triangle,GK Questions For Class 1,
How many weeks are there in a year?,52 Week,GK Questions For Class 1,
There are ____ months in a year.,12,GK Questions For Class 1,
Name the shape with five sides?,Pentagon,GK Questions For Class 1,
Home of a pig is called ______.,Sty,GK Questions For Class 1,
Name the largest island in the world?,Greenland,GK Questions For Class 1,
Which is the largest mammal on Earth?,Blue Whale,GK Questions For Class 1,
What is the name of the story where Ella leaves her glass slipper while attending the royal ball?,Cinderella,GK Questions For Class 1,
Which fairy tale character meets seven dwarfs in a cottage?,Snow White,GK Questions For Class 1,
Name the fairy tale character with long golden hair trapped in a tower?,Rapunzel,GK Questions For Class 1,
"Name the fairy tale character, who is a poor thief and has a magic lamp?",Aladdin,GK Questions For Class 1,
Which fairy tale character meets a Big Bad wolf while going to visit her grandmother in the woods?,Little Red Riding Hood,GK Questions For Class 1,
"Name the story in which a young girl falls through a rabbit hole, goes to a fantasy world and meets many strange characters?",Alice’s Adventures in Wonderland,GK Questions For Class 1,
Name the shape with seven sides?,Heptagon,GK Questions For Class 1,
Planet Earth is shaped like a __________.,Sphere,GK Questions For Class 1,
A shape with six sides is called ________.,Hexagon,GK Questions For Class 1,
A shape with ten sides is called ________.,Decagon,GK Questions For Class 1,
How many sides does an octagon have?,8,GK Questions For Class 1,
What is the color of human blood?,Red,GK Questions For Class 1,
Which colour symbolizes peace?,White,GK Questions For Class 1,
In which season do we use cotton clothes?,Summer,GK Questions For Class 1,
The colour of cow’s milk is ________.,White,GK Questions For Class 1,
What comes after 35?,36,GK Questions For Class 1,
The tusks of elephants are made of ______.,Ivory,GK Questions For Class 1,
Kangaroos have _____ to carry their young ones.,Pouches,GK Questions For Class 1,
Cheese is made from _______.,Milk,GK Questions For Class 1,
Taste of sugar is _______.,Sweet,GK Questions For Class 1,
Taste of tamarind is _______.,Sour,GK Questions For Class 1,
We wear a watch on our _______.,Wrist,GK Questions For Class 1,
What is 10+4?,14,GK Questions For Class 1,
A goat has ______ legs.,4,GK Questions For Class 1,
Earth has ____ natural satellite(s).,1,GK Questions For Class 1,
The leaves of a tree fall during which season?,Autumn,GK Questions For Class 1,
A person who goes to space is called an ________.,Astronaut,GK Questions For Class 1,
A young frog is called a _______.,Tadpole,GK Questions For Class 1,
Which colour of the traffic light indicates “wait”?,Yellow,GK Questions For Class 1,
Which is the first letter of the English alphabet?,A,GK Questions For Class 1,
Whom do we call to put out fire?,Fireman,GK Questions For Class 1,
Name the vehicle used by firemen?,Fire engine,GK Questions For Class 1,
Orange is a source of which vitamin?,Vitamin C,GK Questions For Class 1,
Humans have _____ toes.,Ten,GK Questions For Class 1,
A hen lives in a _____.,Coop,GK Questions For Class 1,
Your father’s brother is your _________.,Uncle,GK Questions For Class 1,
Which insect makes a web?,Spider,GK Questions For Class 1,
Which magic word do you use while asking for something?,Please,GK Questions For Class 1,
Which magic word do you use when someone helps you?,Thank you,GK Questions For Class 1,
Which of these is a green-colored vegetable?,C. Pea ,GK Questions For Class 1,
What is the Color of the Leaves?,B. Green,GK Questions For Class 1,
Identify the Tree,A. Coconut Tree,GK Questions For Class 1,images/0.jpeg
Who is the king of the jungle?,B. Lion,GK Questions For Class 1,
Which part of your body do you use to see?,D. Eyes,GK Questions For Class 1,
How many fingers are there in your hands?,D. Ten,GK Questions For Class 1,
Which of the following animals give us milk?,A. Cow,GK Questions For Class 1,
What is the color of sunflowers?,B. Yellow,GK Questions For Class 1,
Which animal is known as “Ship of Desert”?,C. Camel,GK Questions For Class 1,
How many legs do you have?,Two,GK Questions For Class 1,
Which animal guards our house?,Dog,GK Questions For Class 1,
Identify the bird,Peacock,GK Questions For Class 1,images/1.jpeg
What is the color of your hair?,Black,GK Questions For Class 1,
How many wheels does a cycle have?,Two,GK Questions For Class 1,
Name the four main directions?,"North, East, West, and South",GK Questions For Class 1,
What food does a cow eat?,Grass,GK Questions For Class 1,
Which number comes after 10?,11,GK Questions For Class 1,
Which means of transport do you use in water?,Ship,GK Questions For Class 1,
How many alphabets are there in the English language?,26,GK Questions For Class 1,
Where do you go when you are sick?,Hospital,GK Questions For Class 1,
A person who teaches us is known as___________?,Teacher,GK Questions For Class 1,
Name the vowels in English.,"A,E,I,O,U",GK Questions For Class 1,
How many sense organs do we have?,Five,GK Questions For Class 1,
What is the color of the sky?,Blue,GK Questions For Class 1,
What sound does a dog make?,Bow-Bow,GK Questions For Class 1,
Name the shape with three sides?,Triangle,GK Questions For Class 2,
What is the smallest two digit number?,10,GK Questions For Class 2,
Which shape has no sides and corners?,Circle,GK Questions For Class 2,
Which shape has all four of its sides equal?,Square,GK Questions For Class 2,
What is the largest two digit number?,99,GK Questions For Class 2,
What is the smallest even number?,2,GK Questions For Class 2,
What is the place value of 4 in 654?,Ones,GK Questions For Class 2,
4 times 8 equals ___________.,32,GK Questions For Class 2,
40+20 equals to ____________.,60,GK Questions For Class 2,
An adult human has _________ teeth.,32,GK Questions For Class 2,
Which animal gives us wool?,Sheep,GK Questions For Class 2,
What do we get when water freezes?,Ice,GK Questions For Class 2,
What is a house made of snow called?,Igloo,GK Questions For Class 2,
What kind of clothes do we wear during winter?,Woollen clothes,GK Questions For Class 2,
What are the white lines where we cross the road called?,Zebra Crossing,GK Questions For Class 2,
A lion lives in a ______.,Den,GK Questions For Class 2,
Sun rises in the ________.,East,GK Questions For Class 2,
Sun sets in the _________.,West,GK Questions For Class 2,
What does the red light of a traffic signal indicate?,20,GK Questions For Class 2,
What does green light of a traffic signal indicate?,Go,GK Questions For Class 2,
India has _____ states.,28,GK Questions For Class 2,
What does a caterpillar turn into?,Butterfly,GK Questions For Class 2,
Which Indian city is known as “Pink City”?,Jaipur,GK Questions For Class 2,
Which is the largest cat in the world?,Siberian tiger,GK Questions For Class 2,
Which animal is known as the “ship of the desert”?,Camel,GK Questions For Class 2,
Which planet do we live on?,Earth,GK Questions For Class 2,
How many players are there in a cricket team?,11,GK Questions For Class 2,
The doctor who takes care of our teeth is called ________.,Dentist,GK Questions For Class 2,
Name the bird that lays the largest eggs?,Ostrich,GK Questions For Class 2,
Our solar system has ______ planets.,8,GK Questions For Class 2,
Name the currency of Thailand?,Bhat,GK Questions For Class 2,
What is the sound made by a lion?,Roar,GK Questions For Class 2,
What is the young one of an elephant called?,Calf,GK Questions For Class 2,
A pig lives in a _____.,Sty,GK Questions For Class 2,
A year has ___ weeks.,52,GK Questions For Class 2,
How many kidneys does a human body have?,2,GK Questions For Class 2,
How many strings does a violin have?,4,GK Questions For Class 2,
A century has ____ years.,100,GK Questions For Class 2,
How many moons does Earth have?,1,GK Questions For Class 2,
Saturn has ____ moons.,82,GK Questions For Class 2,
How many colours are there in a rainbow?,7,GK Questions For Class 2,
In which country can kangaroos be found?,Australia,GK Questions For Class 2,
Name the planet in our solar system with the most number of moons?,Saturn,GK Questions For Class 2,
Earth’s atmosphere has ____ layers.,5,GK Questions For Class 2,
What are the colours of Olympic rings?,"Blue, Red, Green, Yellow and Black",GK Questions For Class 2,
A spider has _____ legs.,Eight,GK Questions For Class 2,
Which is the smallest continent in the world?,Australia,GK Questions For Class 2,
How many days are there in a year?,365,GK Questions For Class 2,
Which month has the least number of days?,February,GK Questions For Class 2,
Which part of a plant grows under the soil?,Root,GK Questions For Class 2,
What is the currency of UK?,Pound Sterling,GK Questions For Class 2,
What is the currency of Bangladesh?,Taka,GK Questions For Class 2,
What is the currency of Pakistan?,Rupee,GK Questions For Class 2,
What is the currency of China?,Yuan,GK Questions For Class 2,
What is the currency of New Zealand?,Dollar,GK Questions For Class 2,
What is the currency of Russia?,Ruble,GK Questions For Class 2,
Tokyo is the capital of which country?,Japan,GK Questions For Class 2,
What was the real name of Lord Buddha?,Siddhartha Gautama,GK Questions For Class 2,
Oscar award is related to which field?,Film industry,GK Questions For Class 2,
How many minutes are there in an hour?,60,GK Questions For Class 2,
A triangle with all three sides equal is called _______.,Equilateral triangle,GK Questions For Class 2,
What is the capital of Philippines?,Manila,GK Questions For Class 2,
What do you call a person who makes furniture from wood?,Carpenter,GK Questions For Class 2,
Which country is known as “Gift of Nile”?,Egypt,GK Questions For Class 2,
How many years make a decade?,10,GK Questions For Class 2,
Which part of a plant is called “kitchen of the plant”?,Leaf,GK Questions For Class 2,
We smell using our _____.,Nose,GK Questions For Class 2,
Who painted Mona Lisa?,Leonardo Da Vinci,GK Questions For Class 2,
We use our ears to _______.,Hear,GK Questions For Class 2,
English alphabets have ____ consonants.,21,GK Questions For Class 2,
What is the shape of a cricket field?,Circle,GK Questions For Class 2,
How many members are there in a Water Polo team?,7,GK Questions For Class 2,
The word “Grand Slam” is associated with which sport?,Tennis,GK Questions For Class 2,
What is a group of porcupines called?,Prickle,GK Questions For Class 2,
Name a bird that can fly backwards?,Humming bird,GK Questions For Class 2,
 Who was the first Prime Minister of India?,Jawaharlal Nehru,GK Questions For Class 2,
 Which state is known as the ‘fruit bowl’ of India?,Himachal Pradesh,GK Questions For Class 2,
 What is the name of this beautiful monument?,Taj Mahal,GK Questions For Class 2,images/2.jpeg
 How many legs does a spider have?, Eight,GK Questions For Class 2,
 Name this famous Indian Cricketer.,Sachin Tendulkar,GK Questions For Class 2,images/3.jpeg
 Who is popularly known as the “Iron Man of India”?,Sardar Vallabh Bhai Patel ,GK Questions For Class 2,
 What is the sound made by a duck?,Quack quack,GK Questions For Class 2,
 The national currency of India is,Rupee,GK Questions For Class 2,
 The young one of a kangaroo is,Joey,GK Questions For Class 2,
 What is the sound made by a horse?,Neigh,GK Questions For Class 2,
 The young one of Elephant is,Calf,GK Questions For Class 2,
 Which river is infamous as the ‘Sorrow of Bengal”?,Damodar River,GK Questions For Class 2,
 _ is celebrated as the birth of Jesus Christ,Christmas,GK Questions For Class 2,
 Which is the harvest festival in Assam?,Bohag Bihu ,GK Questions For Class 2,
 Thiruvananthapuram is the capital of _.,Kerala,GK Questions For Class 2,
 Which is the national sport of India?,Hockey,GK Questions For Class 2,
 What does the heart pump?,Blood,GK Questions For Class 2,
 The longest river in India,Ganga,GK Questions For Class 2,
 Which is the national fruit of India?,Mango,GK Questions For Class 2,
 How many spokes does the wheel in Indian Flag have?,24 spokes,GK Questions For Class 2,
 Who is the first citizen of India?,President of India,GK Questions For Class 2,
 Where does a pig live?,Sty,GK Questions For Class 2,
 What is the name of this famous painting?,Mona Lisa,GK Questions For Class 2,images/4.jpeg
 How many cats can you see in this picture?,10 cats,GK Questions For Class 2,images/5.jpeg
 How do you relate to your maternal grandfather?,Mother’s father,GK Questions For Class 2,
A polygon with 5 sides is called a _________.,Pentagon,GK Questions For Class 3,
What is the young one of a kangaroo called?,Joey,GK Questions For Class 3,
What is the name of India’s highest mountain peak?,Kanchenjunga,GK Questions For Class 3,
The capital of Andaman & Nicobar Islands is ______.,Port Blair,GK Questions For Class 3,
"Which is the largest country in the world, in terms of area?",Russia,GK Questions For Class 3,
The two holes on the nose through which we breathe are called _________.,Nostrils,GK Questions For Class 3,
"In which country did the game, chess, originate?",India,GK Questions For Class 3,
The wheel in the center of Indian national flag has _____ spokes.,24,GK Questions For Class 3,
Who is the author of Harry Potter series of books?,J.K. Rowling,GK Questions For Class 3,
Who was known as “Human Computer”?,Shakuntala Devi,GK Questions For Class 3,
Name the instrument used to measure the speed of wind?,Anemometer,GK Questions For Class 3,
Name the smallest planet in our solar system?,Mercury,GK Questions For Class 3,
Any number multiplied by zero is ________.,Zero,GK Questions For Class 3,
Which is the largest four-digit number?,9999,GK Questions For Class 3,
Ganymede is the moon of which planet?,Jupiter,GK Questions For Class 3,
Who was the first person to land on the moon?,Jupiter,GK Questions For Class 3,
Who invented steam engine?,James Watt,GK Questions For Class 3,
Who was the first person to calculate the value of Pi?,Archimedes,GK Questions For Class 3,
In which country is Mount Everest situated?,Nepal,GK Questions For Class 3,
Which is the biggest coral reef in the world?,Great Barrier Reef,GK Questions For Class 3,
World’s largest rain forest is _________.,The Amazon,GK Questions For Class 3,
Which is the biggest part of the brain?,Cerebrum,GK Questions For Class 3,
_________ animals sleep during the day and stay awake at night.,Nocturnal animals,GK Questions For Class 3,
Animals that eat meat are called _________.,Carnivores,GK Questions For Class 3,
Name an insectivorous plant?,Venus Flytrap,GK Questions For Class 3,
A newborn baby has _______ bones.,300,GK Questions For Class 3,
How many millimeters make a meter?.,1000,GK Questions For Class 3,
How many millimeters make a meter?.,1000,GK Questions For Class 3,
What is an angle that has a value less than 90˚ called?,Acute angle,GK Questions For Class 3,
What is an angle that has a value greater than 90˚ called?,Obtuse angle,GK Questions For Class 3,
"When a number is multiplied by 1, the product would be ________.",The Same Number,GK Questions For Class 3,
What is the art of folding paper to create shapes called?,Origami,GK Questions For Class 3,
The flag of which country has a non-quadrilateral shape?,Nepal,GK Questions For Class 3,
The place where beehives of honeybees are kept is called?,Apiary,GK Questions For Class 3,
Which is the fastest land animal?,Cheetah,GK Questions For Class 3,
Which animal has a hump on its back?,Camel,GK Questions For Class 3,
Name a commonly found reptile?,Lizard,GK Questions For Class 3,
Which is the largest ocean in the world?,Pacific Ocean,GK Questions For Class 3,
Australia lies between which two oceans?,Indian Ocean and Pacific Ocean,GK Questions For Class 3,
Which is the coldest planet in our solar system?,Neptune,GK Questions For Class 3,
Where is food collected in the human body once it is chewed and swallowed?,Stomach,GK Questions For Class 3,
Which pigment is responsible for the green colour of leaves?,Stomach,GK Questions For Class 3,
Which Indian city is known as “Orange City”?,Nagpur,GK Questions For Class 3,
Which city is known as the “Financial Capital of India”?,Mumbai,GK Questions For Class 3,
Which country won the first T20 world cup?,India,GK Questions For Class 3,
Which planet in our solar system takes less than 10 hours to complete its one rotation?,Jupiter,GK Questions For Class 3,
Which planet is known as the “blue planet”?,Earth,GK Questions For Class 3,
Which star is closest to the Earth?,The Sun,GK Questions For Class 3,
Which is the most abundant gas found on Earth?,Nitrogen,GK Questions For Class 3,
The mixture consisting of molten rocks that flow out of a volcano during the volcanic eruption is called ________.,Lava,GK Questions For Class 3,
Earth requires ____ hours to complete one rotation.,24,GK Questions For Class 3,
What is the movement of Earth on its own axis resulting in day and night called?,Rotation,GK Questions For Class 3,
What is the movement of Earth around the Sun resulting in change of seasons called?,Revolution,GK Questions For Class 3,
The Earth is closest to the Sun during which season?,Summer,GK Questions For Class 3,
Name the galaxy our solar system is a part of?,Milky Way,GK Questions For Class 3,
Who invented video games?,Ralph Baer,GK Questions For Class 3,
Who invented postage stamp?,Rowland Hill,GK Questions For Class 3,
Which is the tallest animal in the world?,Giraffe,GK Questions For Class 3,
Which is the fastest bird in the world?,Ostrich,GK Questions For Class 3,
Which is the highest waterfall in the world?,Angel Falls,GK Questions For Class 3,
Who wrote the world famous children’s book—Jungle Book?,Rudyard Kipling,GK Questions For Class 3,
Who wrote the book “Chronicles of Narnia”?,C.S. Lewis,GK Questions For Class 3,
The book “Charlie and the Chocolate Factory” was written by _______.,Roald Dahl,GK Questions For Class 3,
Who wrote the popular children’s book “The Cat in The Hat”?,Dr. Suess,GK Questions For Class 3,
The book “The Very Hungry Caterpillar” was written by _________.,Eric Carle,GK Questions For Class 3,
How many years did the First World War (WWI) last?,Four (1914-1918),GK Questions For Class 3,
How many years did the Second World War (WWII) last?,Six (1939-1945),GK Questions For Class 3,
Distance between two countries is measured in __________.,Kilometers,GK Questions For Class 3,
In which country is the Eiffel Tower located?,France,GK Questions For Class 3,
Which number is neither prime nor composite?,1,GK Questions For Class 3,
5 times 20 equals to ______.,1000,GK Questions For Class 3,
How many months of a year have only 30 days?,"4 (April, June, September and November)",GK Questions For Class 3,
An octopus has _____ hearts.,Three,GK Questions For Class 3,
The Statue of Liberty is located in which city?,"New York, USA",GK Questions For Class 3,
Sunlight is the source of which vitamin?,Vitamin D,GK Questions For Class 3,
How many teeth does a human have?,32,GK Questions For Class 3,
On which planet do we live?,Earth,GK Questions For Class 3,
How many continents do we have?,Seven,GK Questions For Class 3,
What is the process in which plants make food known as?,Photosynthesis,GK Questions For Class 3,
How many bones do we have?,206,GK Questions For Class 3,
Name the biggest flower.,Rafflesia,GK Questions For Class 3,
The animals that eat only plants and herbs are called ____________.,Herbivores,GK Questions For Class 3,
Which country is known as the “Land of White Elephants”?,Thailand,GK Questions For Class 3,
Which is the biggest planet in our Solar System?,Jupiter,GK Questions For Class 3,
Who is the first woman to go to space?,Valentina Tereshkova,GK Questions For Class 3,
Identify the Historical monument,Charminar,GK Questions For Class 3,images/6.jpeg
Name the tallest building in the world.,"Burj Khalifa, UAE",GK Questions For Class 3,
Who invented the Light Bulb?,Thomas Alva Edison,GK Questions For Class 3,
In how many hours does earth complete one rotation?,24 hours,GK Questions For Class 3,
Who wrote the drama “Julius Caesar”?,William Shakespeare,GK Questions For Class 3,
Which is the highest mountain peak in the world?,Mount Everest,GK Questions For Class 3,
Who is known as the father of modern computers?,Charles Babbage,GK Questions For Class 3,
Which part of the computer is its Brain?,CPU,GK Questions For Class 3,
Name the longest river on earth.,Nile,GK Questions For Class 3,
Name three vegetables that grow under soil.,"Potato, Tapioca and Ginger",GK Questions For Class 3,
What is the value of Pi?,3.14,GK Questions For Class 3,
Which is the most widely spoken language in the world?,Mandarin (Chinese),GK Questions For Class 3,
Identify the scientist.,Albert Einstein,GK Questions For Class 3,images/7.jpeg
How many days are there in a Leap Year?,366,GK Questions For Class 3,
Name the Largest desert in the world.,Sahara Desert,GK Questions For Class 3,
Which is the largest island in the world?,Greenland,GK Questions For Class 4,
What is the name of the sword owned by King Arthur?,Excaliber,GK Questions For Class 4,
Who is known as “Nightingale of India”?,Sarojini Naidu,GK Questions For Class 4,
Who is known as the “father of geometry”?,Euclid,GK Questions For Class 4,
Who wrote the national song of India? (Vande Mataram),Bankim Chandra Chatterjee,GK Questions For Class 4,
When is National Girl Child Day celebrated in India?,January 24,GK Questions For Class 4,
A leap year has _____ days.,366,GK Questions For Class 4,
Taj Mahal is situated on the banks of which river?,Yamuna,GK Questions For Class 4,
Name the largest planet in our solar system,Jupiter,GK Questions For Class 4,
Our solar system consists of _____ planets,8,GK Questions For Class 4,
_____ is known as the brain of the computer.,CPU,GK Questions For Class 4,
_____ What is the full form of CPU?,Central Processing Unit,GK Questions For Class 4,
Which part of the human body has the smallest bone?,EAR,GK Questions For Class 4,
Penicillin was invented by ________.,Alexander Fleming,GK Questions For Class 4,
Saina Nehwal is related to which sport?,Badminton,GK Questions For Class 4,
Giza Pyramids situated in which country?,Egypt,GK Questions For Class 4,
Statue of liberty is situated in which city?,New York,GK Questions For Class 4,
Which is the most sensitive organ in the human body?,Skin,GK Questions For Class 4,
Computer was invented by _______.,Charles Babbage,GK Questions For Class 4,
Which animal is known as the ship of the desert?,Camel,GK Questions For Class 4,
An octagon has _____ sides.,8,GK Questions For Class 4,
Which colour represents peace?,White,GK Questions For Class 4,
How many players are there in a cricket team?,11,GK Questions For Class 4,
Which African country is famous for chocolate?,Ghana,GK Questions For Class 4,
Olympic Games are held every ____ years.,4,GK Questions For Class 4,
Which is the largest desert in the world?,Sahara Desert,GK Questions For Class 4,
Which is the tallest waterfall in the world?,Angel Falls,GK Questions For Class 4,
Which is the biggest animal in the world?,Antarctic Blue Whale,GK Questions For Class 4,
What is another name for Table Tennis?,Ping pong,GK Questions For Class 4,
Where will the 2024 Olympics be held?,Paris,GK Questions For Class 4,
Dipa Karmakar is associated with which sport?,Gymnastics,GK Questions For Class 4,
When was the first modern Olympics held?,"1896 (in Athens, Greece)",GK Questions For Class 4,
Where is leaning tower of Pisa located?,Italy,GK Questions For Class 4,
Where is Louvre Museum situated?,"Paris, France",GK Questions For Class 4,
Which river is nicknamed “Sorrow of China”?,Yellow River,GK Questions For Class 4,
"Where is world’s tallest building, Burj Khalifa, located?","Dubai, UAE",GK Questions For Class 4,
What was the name of the ISRO mission to Mars?,Mangalyaan,GK Questions For Class 4,
Who invented Java programming language?,James Gosling,GK Questions For Class 4,
Who is known as the father of C language?,Dennis Ritchie,GK Questions For Class 4,
What is the full form of bit?,Binary digit,GK Questions For Class 4,
What is the name of the supercomputer placed at Indian Institute of Tropical Meteorology (IITM)?,Pratyush,GK Questions For Class 4,
Which is the world’s fastest super computer?,Fugaku Supercomputer,GK Questions For Class 4,
Which number has no reciprocal?,1,GK Questions For Class 4,
A heptagon has _____ sides.,7,GK Questions For Class 4,
The sum of the angles of a triangle is _____.,180˚,GK Questions For Class 4,
Which blood cells in our body help to fight infections?,White Blood Cells,GK Questions For Class 4,
What is the full form of BMP?,Bit Map Picture,GK Questions For Class 4,
Monitor of a computer is an _______ device.,Output,GK Questions For Class 4,
How many oceans are there in the world?,7,GK Questions For Class 4,
In which country is Mount Everest located?,Nepal,GK Questions For Class 4,
What is the capital of Belgium?,Brussels,GK Questions For Class 4,
Who was the first President of India?,Dr Rajendra Prasad,GK Questions For Class 4,
Who invented telescope?,Galileo Galilei,GK Questions For Class 4,
Which is the smallest bird in the world?,Humming bird,GK Questions For Class 4,
Which is the largest country in terms of population?,China,GK Questions For Class 4,
Which is the largest delta in the world?,Sunderban delta (Ganges-Brahmaputra Delta),GK Questions For Class 4,
Durand Cup is related to which sport?,Football,GK Questions For Class 4,
World Red Cross Day is celebrated on ________.,May 8th,GK Questions For Class 4,
Which country is known as the “Land of Cakes”?,Scotland,GK Questions For Class 4,
Which is the world’s largest coral reef system?,The Great Barrier Reef,GK Questions For Class 4,
Which is the biggest bird in the world?,Ostrich,GK Questions For Class 4,
The Statue of Liberty was a gift to the USA from which country?,France,GK Questions For Class 4,
The largest moon of Saturn is ________.,Titan,GK Questions For Class 4,
The term “wicket” is related to which sport?,Cricket,GK Questions For Class 4,
Name an insect with colourful wings?,Butterfly,GK Questions For Class 4,
Which state is known as the Orchid Paradise of India?,Arunachal Pradesh,GK Questions For Class 4,
Name the acid present in apple,Malic acid,GK Questions For Class 4,
Which country awards Nobel Prize?,Sweden,GK Questions For Class 4,
What is the currency of Malaysia?,Malaysian Ringgit,GK Questions For Class 4,
Measurement of right angle is ___________.,90˚,GK Questions For Class 4,
What is a triangle with two equal sides called?,Isosceles triangle,GK Questions For Class 4,
Which metal is used to make the filament of an electric bulb?,Tungsten,GK Questions For Class 4,
How many consonants are there in the English alphabet?,73,GK Questions For Class 4,
Trout and Carp are types of _________.,Fish/strong>,GK Questions For Class 4,
A polygon with 8 sides is called __________.,Octagon,GK Questions For Class 4,
Which organ purifies our blood?,Kidney,GK Questions For Class 4,
The animal with a hump on its back is _?,Camel,GK Questions For Class 4,
The brain of a computer is _.,CPU,GK Questions For Class 4,
The largest continent is _.,Asia,GK Questions For Class 4,
Who wrote ‘Ramayana’?,Valmiki,GK Questions For Class 4,
How many bones are there in a newborn baby?,300,GK Questions For Class 4,
Martyrs’ Day is celebrated every year on _.,30th January,GK Questions For Class 4,
The fastest animal on earth is?,Cheetah,GK Questions For Class 4,
Earth Day celebrated on?,April 22nd,GK Questions For Class 4,
The National Tree of India is?,Banyan Tree,GK Questions For Class 4,
Which is the tallest animal in the world?,Giraffe,GK Questions For Class 4,
What is the full form of RAM?,Random Access Memory,GK Questions For Class 4,
Who wrote ‘Discovery of India’?,Jawaharlal Nehru,GK Questions For Class 4,
Which is the tallest statue in the world?,"The Statue of Unity, India",GK Questions For Class 4,
Young one of the horses is called?,Colt,GK Questions For Class 4,
How many players are there in a cricket team?,11,GK Questions For Class 4,
How many days does earth take to revolve around the sun?,365 days,GK Questions For Class 4,
The biggest sea animal is _.,Dolphin,GK Questions For Class 4,
Which is the largest desert in India?,Thar desert,GK Questions For Class 4,
Which is the densest jungle in the world?,Amazon,GK Questions For Class 4,
When is Teacher’s Day celebrated?,September 5th,GK Questions For Class 4,
A place where bees are kept is called _.,Aviary,GK Questions For Class 4,
How many sides are there in a pentagon?,Five,GK Questions For Class 4,
Which is the smallest state in India?,Goa,GK Questions For Class 4,
Who is the father of our Nation?,Mahatma Gandhi,GK Questions For Class 4,
Which is the 4th planet of our solar system?,Mars,GK Questions For Class 5,
Which is the largest river in the world?,Amazon,GK Questions For Class 5,
Name a plant that grows in the desert?,Cactus,GK Questions For Class 5,
Which is the brightest planet in the solar system?,Venus,GK Questions For Class 5,
A football team consists of how many members?,11,GK Questions For Class 5,
What is the young one of a cow called?,Calf,GK Questions For Class 5,
Which is the largest ocean in the world?,Pacific Ocean,GK Questions For Class 5,
The branch of science that deals with earthquakes is called ___________,Seismology,GK Questions For Class 5,
“Wings of Fire” is the autobiography of ______________,Dr. APJ Abdul Kalam,GK Questions For Class 5,
Which is the national bird of the USA?,Bald Eagle,GK Questions For Class 5,
The smallest bone in the human body is __________,Stapes (located in the ear),GK Questions For Class 5,
Which is the deepest oceanic trench in the world?,Mariana Trench,GK Questions For Class 5,
Name a country without an official capital?,Nauru,GK Questions For Class 5,
Name the capital of Romania?,Bucharest,GK Questions For Class 5,
Which is the largest plateau in the world?,Tibetan Plateau,GK Questions For Class 5,
Young one of a horse is called?,Foal,GK Questions For Class 5,
How many bones does an adult human body have?,206,GK Questions For Class 5,
"Who wrote the famous play, “Romeo and Juliet”?",William Shakespeare,GK Questions For Class 5,
Atacama Desert is located in which continent?,South America,GK Questions For Class 5,
Study of the universe is called?,Cosmology,GK Questions For Class 5,
Mt. Vesuvius is located in which country?,Italy,GK Questions For Class 5,
Who is known as the “Father of Indian Space Program”?,Vikram Sarabhai,GK Questions For Class 5,
Mt. Abu is located in?,India,GK Questions For Class 5,
What is the capital of Armenia?,Yerevan,GK Questions For Class 5,
"“B” in BRICS, an international organization, stands for?",Brazil,GK Questions For Class 5,
Where is Spratly Islands located?,South China Sea,GK Questions For Class 5,
Where is the headquarters of European Union located?,"Brussels, Belgium",GK Questions For Class 5,
In which city is the world’s largest port located?,Shanghai,GK Questions For Class 5,
For which event did Neeraj Chopra win a gold medal at the 2020 Tokyo Olympics?,Javelin throw,GK Questions For Class 5,
In which year did India win the first Cricket World Cup?,1983,GK Questions For Class 5,
In which year was South Asian Association for Regional Cooperation (SAARC) established?,1985,GK Questions For Class 5,
Which country is known as the “land of the blue sky”?,Mongolia,GK Questions For Class 5,
Richter Scale is used to measure _________,Magnitude of earthquakes,GK Questions For Class 5,
Coco Islands are located in which sea?,Bay of Bengal,GK Questions For Class 5,
Who wrote the book “Midnight’s children”?,Salman Rushdie,GK Questions For Class 5,
Who was the first person to go to space?,Yuri Gagarin,GK Questions For Class 5,
Which is the deepest lake in the world?,Lake Baikal,GK Questions For Class 5,
Name the device that provides power to the connected devices of a computer during power outages?,Uninterrupted Power Supply (UPS),GK Questions For Class 5,
What is the full form of URL?,Uniform Resource Locator,GK Questions For Class 5,
Who invented World Wide Web (www)?,Tim Berners-Lee,GK Questions For Class 5,
When did the Internet come into existence?,"January 1, 1983",GK Questions For Class 5,
"Where is the headquarters of Kaspersky Lab, the popular cyber security and anti-virus provider, located?",Moscow,GK Questions For Class 5,
Name the planet in our solar system that is known as the “Red Planet”,Mars,GK Questions For Class 5,
Name the scientist who discovered gravity?,Sir Isaac Newton,GK Questions For Class 5,
Whose birthday is celebrated as “Engineer’s Day” in India?,Sir M Visvesaraya,GK Questions For Class 5,
Between which planets does the asteroid belt exist in our solar system?,Mars and Jupiter,GK Questions For Class 5,
Who invented dynamite?,Alfred Nobel,GK Questions For Class 5,
"Name the country Alfred Nobel, the famous inventor, was born in?",Sweden,GK Questions For Class 5,
Which is the longest bone in the human body?,Femur (thigh bone),GK Questions For Class 5,
Who invented airplanes?,Wright brothers (Orville Wright and Wilbur Wright),GK Questions For Class 5,
Which galaxy does solar system belong to?,Milky Way,GK Questions For Class 5,
What is the speed of light in vacuum?,"3,00,000 km/sec",GK Questions For Class 5,
Which gas is commonly found in our universe?,Hydrogen,GK Questions For Class 5,
When is World Heritage Day celebrated?,April 18,GK Questions For Class 5,
Which is the smallest continent in the world?,Australia,GK Questions For Class 5,
Telephone was invented by ___________,Alexander Graham Bell,GK Questions For Class 5,
Who invented light bulb?,Thomas Alva Edison,GK Questions For Class 5,
Which is the national game of the USA?,Baseball,GK Questions For Class 5,
Which is the lightest gas?,Hydrogen,GK Questions For Class 5,
Branch of science that deals with scientific study of insects is known as _________,Entomology,GK Questions For Class 5,
Who invented the television?,John Logie Baird,GK Questions For Class 5,
Who was known as “Indian Napolean”?,Samudragupta,GK Questions For Class 5,
The total distance between the Sun and the Earth is ___________,149.6 Million km,GK Questions For Class 5,
Who formulated the theory of relativity?,Albert Einstein,GK Questions For Class 5,
Which mathematician is known as the “Prince of Indian Mathematics”?,Srinivasa Ramanujan,GK Questions For Class 5,
Sound cannot travel through _________,Vacuum,GK Questions For Class 5,
What is the full form of ROM?,Read-Only Memory,GK Questions For Class 5,
Name the smallest ocean in the world?,Arctic Ocean,GK Questions For Class 5,
Goitre is caused by the deficiency of?,Arctic Ocean,GK Questions For Class 5,
The term “LBW” is related to which sport?,Cricket,GK Questions For Class 5,
In which year did Christopher Columbus discover America?,1492,GK Questions For Class 5,
Which is the tallest mountain in the world?,Mount Everest,GK Questions For Class 5,
"The famous novel, Alice in Wonderland, was written by?",Lewis Carroll,GK Questions For Class 5,
"Name the ocean in which the famous ship, Titanic, had sunk?",North Atlantic Ocean,GK Questions For Class 5,
What is the scientific name of tomato?,Solanum lycopersicum,GK Questions For Class 5,
1024 kilobytes is equal to _.,1 Megabyte(MB),GK Questions For Class 5,
Who is Paulo Coelho?,Brazilian Novelist,GK Questions For Class 5,
A figure with 6 sides is known as ________.,Hexagon,GK Questions For Class 5,
What do UPS stand for?,Uninterrupted Power Supply,GK Questions For Class 5,
At which temperature does water boil?,100◦C,GK Questions For Class 5,
Name the acid in lemon.,Citric acid,GK Questions For Class 5,
Which is the first animal to land on the moon?,"Laika, The dog",GK Questions For Class 5,
Name the two Oceans in which Australia is sandwiched between?,The Indian Ocean and The Pacific Ocean,GK Questions For Class 5,
What do AM and PM stand for?,AM stands for Ante Meridiem and PM stands for Post Meridiem,GK Questions For Class 5,
Statue of Liberty is in _.,New York City,GK Questions For Class 5,
Name the five layers of Earth’s atmosphere.,"Exosphere, Thermosphere, Mesosphere, Stratosphere and Troposphere",GK Questions For Class 5,
Name the border of India and Pakistan.,Radcliffe Line ,GK Questions For Class 5,
What is Ablutophobia?,It is the Fear of Bathing,GK Questions For Class 5,
What is the full form of  HTTP?,Hypertext Transfer Protocol,GK Questions For Class 5,
Identify the Tennis Player.,Roger Federer,GK Questions For Class 5,images/8.jpeg
Which is the coldest planet in our solar system?,Neptune,GK Questions For Class 5,
Which gas is known as “Laughing gas”?,Nitrous Oxide,GK Questions For Class 5,
Name the largest temple in the World.,Angkor Wat,GK Questions For Class 5,
Which of the following is not a component of chlorophyll?  a) Magnesium b)  Carbon c) Calcium d) None of These,C. Calcium,GK Questions For Class 5,
Which is the largest freshwater lake in the world?,Lake Baikal,GK Questions For Class 5,
What is the full form of MBBS?,Bachelor of Medicine and Bachelor of Surgery,GK Questions For Class 5,
Who is the founder of Buddhism?,Siddhartha Gautama,GK Questions For Class 5,
What is the capital of Italy?,Rome,GK Questions For Class 5,
When is UN day celebrated?,October 24,GK Questions For Class 5,
Who is the fastest man in the world?,Usain Bolt,GK Questions For Class 6,
In which year was the Battle of Plassey fought?,1757,GK Questions For Class 6,
At which age Gautham Buddha got Nirvana?,35,GK Questions For Class 6,
Who is known as the father of history?,Herodotus,GK Questions For Class 6,
What was the ancient name of Patna?,Pataliputra,GK Questions For Class 6,
What is the square root of 144?,12,GK Questions For Class 6,
Who gave the slogan “Do or Die”?,Mahatma Gandhi,GK Questions For Class 6,
Why are the leaves green in color?,Due to the presence of Chlorophyll,GK Questions For Class 6,
Name the acid that is secreted in the stomach?,Hydrochloric acid,GK Questions For Class 6,
Which is the highest civilian award of the Republic of India?,The Bharat Ratna Award,GK Questions For Class 6,
WWW stands for?,World Wide Web,GK Questions For Class 6,
World Environment Day is celebrated on _.,June 5,GK Questions For Class 6,
Plants that develop in dry conditions are,Xerophytes,GK Questions For Class 6,
Where is ‘Great Bear Lake’ found in the world?,Canada ,GK Questions For Class 6,
What is the full form of Wifi?,Wireless Fidelity,GK Questions For Class 6,
Who is the writer of ‘Panchathantra’?,Vishnu Sharma,GK Questions For Class 6,
Who is the 14th President of India?,Ram Nath Govind,GK Questions For Class 6,
Which is the biggest bone in the human body?,Femur,GK Questions For Class 6,
Who was the inventor of the light bulb?,Thomas Alwa Edison,GK Questions For Class 6,images/9.jpeg
Opium is obtained from the dry latex from which part of the Papaver somniferum Plant?,Poppy,GK Questions For Class 6,
Which Vitamin helps to heal the wound,Vitamin C,GK Questions For Class 6,
Which is the mineral found in teeth and limestones?,Calcium,GK Questions For Class 6,
Who was at the helm of the Philadelphia Phillies in the 2011 season?,Charlie Manuel,GK Questions For Class 6,
Which is the largest lake in Japan?,Biwa,GK Questions For Class 6,
What is the weight of a cricket ball?,5.75 ounces,GK Questions For Class 6,
Which is the only even prime number?,2,GK Questions For Class 6,
Who invented the number zero?,Aryabhatta,GK Questions For Class 6,
How many degrees are there in a circle?,360,GK Questions For Class 6,
What is the shape of dice?,Cube,GK Questions For Class 6,
How many decimal points are there in a number?,One,GK Questions For Class 6,
How many seconds are there in an hour?,3600,GK Questions For Class 6,
A triangle with all side equal is called_?,Equilateral triangle,GK Questions For Class 6,
Which is the first odd composite number?,33,GK Questions For Class 6,
What is a polygon with five sides called?,Pentagon,GK Questions For Class 6,
How many years is a decade?,Ten,GK Questions For Class 6,
A raindrop is of which geometric shape?,Sphere,GK Questions For Class 6,
What is the approximate value of pi?,3.14,GK Questions For Class 6,
90 minutes amount to ___ hours?,1.5,GK Questions For Class 6,
What is the value of Golden Ratio?,1.618,GK Questions For Class 6,
What is a triangle with all three sides of different lengths called?,Scalene triangle,GK Questions For Class 6,
Which polygon has opposite sides and angles equal?,Parallelogram,GK Questions For Class 6,
Which number is neither prime nor composite?,1,GK Questions For Class 6,
A polygon with all four sides and angles equal is called___?,Square,GK Questions For Class 6,
How many seconds are there in a day?,86400,GK Questions For Class 6,
How many sides does the base of a pyramid have?,4,GK Questions For Class 6,
Fourth Buddhist council held during the reign of which emperor?,Kanishka,GK Questions For Class 6,
In which year did Mahatma Gandhi start Dandi March?,1930,GK Questions For Class 6,
Who is the founder of Chola Dynasty?,Vijayalaya,GK Questions For Class 6,
Which was the first animal to go to space?,Dog,GK Questions For Class 6,
Zawar mines are located in which Indian state?,Rajasthan,GK Questions For Class 6,
Which country is the first in Asia to launch a plastics pact?,India,GK Questions For Class 6,
What is the capital of Finland?,Helsinki,GK Questions For Class 6,
Ozone layer is in which layer of the atmosphere?,Stratosphere,GK Questions For Class 6,
What is the capital of Morocco?,Mozambique,GK Questions For Class 6,
Which is the longest river in the world?,Nile,GK Questions For Class 6,
Mount Aconcagua is located in which mountain ranges?,Andes,GK Questions For Class 6,
Which Indian state was the first to introduce the “Oak Tussar Industry”?,Manipur,GK Questions For Class 6,
National Research Centre on Yak (NRCY) is located in which Indian state?,"Arunachal Pradesh
",GK Questions For Class 6,
Which is the largest river on Earth?,"Amazon river
",GK Questions For Class 6,
Which is the most spoken language in the world?,Mandarin Chinese,GK Questions For Class 6,
Which is the highest mountain peak of India?,Kanchenjunga,GK Questions For Class 6,
Who was the first president of the USA?,George Washington,GK Questions For Class 6,
How many fundamental rights are mentioned in the Indian Constitution?,6,GK Questions For Class 6,
Who is popularly known as the Napolean of India?,Samudragupta,GK Questions For Class 6,
Who was known as Punjab Kesari?,Lala Lajpat Rai,GK Questions For Class 6,
When is World Health Day observed?,April 7,GK Questions For Class 6,
What was the theme of World Health Day 2022?,"Our Planet, Our Health",GK Questions For Class 6,
October,"Our Planet, Our Health",GK Questions For Class 6,
Which planet is known as the Morning/Evening star?,Venus,GK Questions For Class 6,
Which continent invests the most in solar power?,Asia,GK Questions For Class 6,
Who won the 2022 International Women of Courage Award?,Rizwana Hassan,GK Questions For Class 6,
What is the theme for World Wildlife Day 2022?,Recovering key species for ecosystem restoration,GK Questions For Class 6,
What is the name of ISRO’s new humanoid robot that will go to space next?,Vyommitra,GK Questions For Class 6,
Which country is known as the Pearl of the Orient Seas?,"Philippines
",GK Questions For Class 6,
Who is known as the father of Indian nuclear program?,Homi J Bhabha,GK Questions For Class 6,
Who invented radio?,Guglielmo Marconi,GK Questions For Class 6,
Which is the longest river in Europe?,Volga River,GK Questions For Class 6,
Which was the first metal used by Harappan civilization?,Copper,GK Questions For Class 6,
Thomas Cup is related to which sport?,"Badminton
",GK Questions For Class 6,
How many players are there in an ice hockey team?,Six,GK Questions For Class 6,
Ryder Cup is related to which sport?,Golf,GK Questions For Class 6,
Which country invented paper?,China,GK Questions For Class 6,
Who has been reappointed as the President of the World Health Organization (WHO)?,Tedros Ghebreyesus,GK Questions For Class 6,
Which day is observed as International Literacy Day?,September 8,GK Questions For Class 6,
Who was known as the Missile Man of India?,Dr. APJ Abdul Kalam,GK Questions For Class 6,
Name the marine animal known as “sea cow”?,Manatees,GK Questions For Class 6,
Which is the protein found in nails?,Keratin,GK Questions For Class 6,
Which instrument is used to measure blood pressure?,Sphygmomanometer,GK Questions For Class 6,
Which mineral is found in teeth?,"Calcium
",GK Questions For Class 6,
Which acid is secreted in the stomach?,Hydrochloric acid,GK Questions For Class 6,
Who is known as the “father of vaccination”?,Edward Jenner,GK Questions For Class 6,
Which is the slowest moving animal on Earth?,The three-toed sloth,GK Questions For Class 6,
Which only metal in liquid form at room temperature?,Mercury,GK Questions For Class 6,
Which is known as the Father of modern medicine?,Hippocrates,GK Questions For Class 6,
Which scientist developed the Theory of Relativity?,Albert Einstein,GK Questions For Class 6,
The air we breathe is majorly composed of which gas?,Nitrogen,GK Questions For Class 6,
What is the chemical name of Vitamin C?,Ascorbic acid,GK Questions For Class 6,
Plaster of Paris is made of ____?,Gypsum,GK Questions For Class 6,
Hematite is the ore of which metal?,Iron,GK Questions For Class 6,
Who discovered Penicillin?,Alexander Fleming,GK Questions For Class 6,
Which planet has the biggest known volcano in our solar system?,Mars,GK Questions For Class 6,
Who invented telephone?,Alexander Graham Bell,GK Questions For Class 6,
World Homoeopathy Day is observed on ______,April 10,GK Questions For Class 7,
What is the square of 42?,1764,GK Questions For Class 7,
Baku is the capital of which country?,Azerbaijan,GK Questions For Class 7,
Name the currency used in Japan?,Yen,GK Questions For Class 7,
"Which lake is situated in the border of countries, Peru and Bolivia?",Lake Titicaca,GK Questions For Class 7,
The distance travelled by light in one year is called _______,Light Year,GK Questions For Class 7,
When is World Hearing Day?,March 23,GK Questions For Class 7,
What is the theme of World Hearing Day 2022?,"To hear for life, listen with care!",GK Questions For Class 7,
________________ is known as “antisterility vitamin”?,Vitamin E,GK Questions For Class 7,
Name a non-metal that conducts electricity?,Graphite,GK Questions For Class 7,
Birth anniversary of Sardar Vallabhbhai Patel is observed as?,National Unity Day (Rashtriya Ekta Divas),GK Questions For Class 7,
Who discovered X-Rays?,Wilhelm Conrad Roentgen,GK Questions For Class 7,
Name the main gases present in the Sun?,Hydrogen and Helium,GK Questions For Class 7,
Name the capital of Kingdom of Bahrain?,Manama,GK Questions For Class 7,
What is the theme of World Meteorological Day 2022?,Early Warning and Early Action,GK Questions For Class 7,
What is the capital of Norway?,Oslo,GK Questions For Class 7,
Name the compound necessary for photosynthesis in leaves?,Chlorophyll,GK Questions For Class 7,
What are the tiny pores present in plant leaves called?,Stomata,GK Questions For Class 7,
Who invented electricity?,Benjamin Franklin,GK Questions For Class 7,
Name the continent known as “Dark Continent”?,Africa,GK Questions For Class 7,
______ is the hardest substance available on Earth.,Diamond,GK Questions For Class 7,
Name the instrument used to measure atmospheric pressure,Barometer,GK Questions For Class 7,
Who was the first woman to go to space?,Valentina Tereshkova,GK Questions For Class 7,
Which bird is known for its intelligence?,Owl,GK Questions For Class 7,
Which is the gas absorbed by plants?,Carbon Dioxide,GK Questions For Class 7,
What is the capital of Denmark?,Copenhagen,GK Questions For Class 7,
Olympic Games of which year were cancelled due to World War I?,1916,GK Questions For Class 7,
How many players are there in a Kho Kho team?,9,GK Questions For Class 7,
Who was the first President of the United States?,George Washington,GK Questions For Class 7,
Name the continent with the highest population density?,Asia,GK Questions For Class 7,
Beriberi disease is caused by the deficiency of _________,Vitamin B,GK Questions For Class 7,
Scientific study of birds is called _______,Ornithology,GK Questions For Class 7,
Name the organ responsible for blood purification in human body,Kidney,GK Questions For Class 7,
What is the name of the process where excess water in plants gets released?,Transpiration,GK Questions For Class 7,
What is the main source of energy produced through photosynthesis in plants?,Glucose,GK Questions For Class 7,
The measure of moisture in the air is known as _________,Humidity,GK Questions For Class 7,
A decagon has _______ sides.,10,GK Questions For Class 7,
3 raised to power 0 is ________.,1,GK Questions For Class 7,
Which is the smallest three-digit number?,1000,GK Questions For Class 7,
Which is the largest three-digit number?,999,GK Questions For Class 7,
What is the cube root of 27?,3,GK Questions For Class 7,
What is another name for Northern Lights?,Aurora Boralis,GK Questions For Class 7,
There are a total of _____ time zones in the world.,24,GK Questions For Class 7,
What is the full form of GPS?,Global Positioning System,GK Questions For Class 7,
Which famous explorer discovered Cuba?,Christopher Columbus,GK Questions For Class 7,
Which is the hardest substance on the human body?,Tooth enamel,GK Questions For Class 7,
Where is the headquarters of UNESCO located?,"Paris, France",GK Questions For Class 7,
Which planet is known as Earth’s Twin?,Venus,GK Questions For Class 7,
Which is the loudest animal on Earth?,Sperm whale,GK Questions For Class 7,
Which blood group is known as “universal donor”?,O+,GK Questions For Class 7,
_____ is a flying mammal.,Bat,GK Questions For Class 7,
Which animal has fingerprints similar to that of humans?,Koala,GK Questions For Class 7,
What is the colour of polar bear’s skin?,Black,GK Questions For Class 7,
Which protein is a fingernail made of?,Keratin,GK Questions For Class 7,
Which bird can fly backward?,Humming bird,GK Questions For Class 7,
Who was the first woman to win a Nobel Prize?,Marie Curie (in the year 1903),GK Questions For Class 7,
_____ is the warmest sea on Earth.,Read Sea,GK Questions For Class 7,
Which is the fastest snake in the world?,Black Mamba,GK Questions For Class 7,
Which is the largest organ in the human body?,Skin,GK Questions For Class 7,
Which is the largest lake in Japan?,Biwa,GK Questions For Class 7,
Name the vitamin that helps to heal wounds?,Vitamin C,GK Questions For Class 7,
Equilateral polygons have all ______ equal.,Sides,GK Questions For Class 7,
Which country does famous footballer Lionel Messi belong to?,Argentina,GK Questions For Class 7,
The atomic number of Iron (Fe) is _____.,26,GK Questions For Class 7,
What is the capital of United Arab Emirates (UAE)?,Abu Dhabi,GK Questions For Class 7,
Golfer Vijay Singh belongs to which country?,Fiji,GK Questions For Class 7,
Which blood cells do not have a nucleus?,Blood platelets,GK Questions For Class 7,
Who authored the renowned novel “The Godfather”?,Mario Puzo,GK Questions For Class 7,
RAM is located in which part of the computer?,Mother board,GK Questions For Class 7,
Who was nicknamed the “Little Corporal”?,Napolean Bonaparte,GK Questions For Class 7,
The ceiling of Sistine Chapel has frescos painted by which famous painter?,Michelangelo,GK Questions For Class 7,
What was the court language used by Mughals?,Persian,GK Questions For Class 7,
Orange Prize is related to the field of ____________.,Literature,GK Questions For Class 7,
When did World War II start?,1939,GK Questions For Class 7,
Vienna is the capital of which country?,Austria,GK Questions For Class 7,
Who discovered Protons?,Rutherford,GK Questions For Class 7,
What does ‘Xylem’ in plants do?,Transport water,GK Questions For Class 7,
Which is the ‘class’ of Octopus?,Cephalopod,GK Questions For Class 7,
What does Big Bang Theory explain?,Origin of Universe,GK Questions For Class 7,
Who is the author of ‘Origin of Species’?,Charles Darwin,GK Questions For Class 7,
What kind of mosquito carries malaria?,Anopheles Mosquitoes,GK Questions For Class 7,
Name the smallest Ocean.,Arctic Ocean,GK Questions For Class 7,
Which day is celebrated as World Consumer Rights Day?,March 15,GK Questions For Class 7,
What is Light year?,It is the unit of distance,GK Questions For Class 7,
Which is the sacred book of Buddhists?,Tripitakas,GK Questions For Class 7,
Cataract is the disease of _.,Eye,GK Questions For Class 7,
What is the SI unit of Force?,Newton,GK Questions For Class 7,
Who is the author of ‘Wings of Fire’?,A.P.J. Abdul Kalam,GK Questions For Class 7,
Who is the father of Economics?,Adam Smith,GK Questions For Class 7,
What is the common name of Sodium Carbonate?,Washing Soda,GK Questions For Class 7,
What is Phycology?,Study of Algae,GK Questions For Class 7,
Which is the first Asian country to orbit Mars?,India,GK Questions For Class 7,
Which country is the largest producer of Coffee?,Brazil,GK Questions For Class 7,
The terms’ Bull and Bear’ is associated with __________.,Stock Market,GK Questions For Class 7,images/10.jpeg
Where are the HeadQuarters of UNESCO?,"Paris, France",GK Questions For Class 7,
Which are the colors of the rings of the Olympic flag?,"Black, Red, Blue, Green, and Yellow",GK Questions For Class 7,
Who invented ‘Lift’?,Elisha Graves Otis,GK Questions For Class 7,
Which river crosses the equator twice?,Congo River,GK Questions For Class 7,
Which is the device used to locate submerged objects under sea?,SONAR,GK Questions For Class 7,